<?xml version="1.0" encoding="UTF-8" ?>

<configuration>

    <appender name="consoleLog" class="ch.qos.logback.core.ConsoleAppender">
        <layout class="ch.qos.logback.classic.PatternLayout">
            <pattern>
                %d - %msg%n
            </pattern>
        </layout>
    </appender>

    <!--每天生成日志的类-->
    <appender name="fileInfoLog" class="ch.qos.logback.core.rolling.RollingFileAppender">
        <filter class="ch.qos.logback.classic.filter.LevelFilter">
            <level>ERROR</level>   <!--过滤掉error的级别-->
            <onMatch>DENY</onMatch>
            <onMismatch>ACCEPT</onMismatch>
        </filter>
        <encoder>
            <pattern>
              <!--  %msg%n-->
                [%d{HH:mm:ss.SSS} %-5level] [%class{36} %L %M] - %msg%xEx%n
            </pattern>
        </encoder>
        <!--滚动策略-->
        <rollingPolicy class="ch.qos.logback.core.rolling.TimeBasedRollingPolicy">
            <!--路径-->
            <!-- <fileNamePattern>D:\weblog/info.%d.log</fileNamePattern>  -->
            <!-- <fileNamePattern>/home/lilei/apache-tomcat-8.5.39/bigdatalog/info.%d.log</fileNamePattern> -->
            <fileNamePattern>c:/bigdatalog/info.%d.log</fileNamePattern>


        </rollingPolicy>
    </appender>


    <appender name="fileErrorLog" class="ch.qos.logback.core.rolling.RollingFileAppender">
        <filter class="ch.qos.logback.classic.filter.ThresholdFilter">
            <level>ERROR</level>  <!--//打印error-->
        </filter>
        <encoder>
            <pattern>
                <!--%msg%n-->
                [%d{HH:mm:ss.SSS} %-5level] [%class{36} %L %M] - %msg%xEx%n
            </pattern>
        </encoder>
        <!--滚动策略-->
        <rollingPolicy class="ch.qos.logback.core.rolling.TimeBasedRollingPolicy">
            <!--路径-->
            <!-- <fileNamePattern>D:\weblog/error.%d.log</fileNamePattern>  -->
            <!-- <fileNamePattern>/home/lilei/apache-tomcat-8.5.39/bigdatalog/error.%d.log</fileNamePattern> -->
            <fileNamePattern>c:/bigdatalog/error.%d.log</fileNamePattern>
        </rollingPolicy>
    </appender>

    <root level="info">
        <appender-ref ref="consoleLog" />
        <appender-ref ref="fileInfoLog" />
        <appender-ref ref="fileErrorLog" />
    </root>

</configuration>